student,generator,score
0.5B,270M,0.106083
0.5B,1B,0.107329
0.5B,4B,0.110075
0.5B,12B,0.110163
0.5B,27B,0.110163
1.7B,270M,0.134849
1.7B,1B,0.144466
1.7B,4B,0.146981
1.7B,12B,0.144132
1.7B,27B,0.145706
2.9B,270M,0.137885
2.9B,1B,0.149671
2.9B,4B,0.149155
2.9B,12B,0.158647
2.9B,27B,0.153226
6.2B,270M,0.141862
6.2B,1B,0.156936
6.2B,4B,0.162827
6.2B,12B,0.164858
6.2B,27B,0.160146
